text,label,notes
OG Anunoby tips the ball in to give the Knicks the lead,reaction,highlight moment
LaMelo Ball reportedly scared the Timberwolves away during the draft process when he said he wanted to be the President of the United States,reaction,funny/surprising news
BREAKING: The Charlotte Hornets are trading star guard LaMelo Ball and Josh Green to the Minnesota Timberwolves for Naz Reid a 2033 unprotected first-round pick three first-round pick swaps and three second-round picks,reaction,breaking news
Kareem Abdul-Jabbar sold 4 championship rings for $2.8 million all going to youth education programs,reaction,heartwarming news
Clippers Draft Pick Narcisse Ngoy Decides to Return to Auburn Instead of Playing for LAC,reaction,news/surprise
Two of the three pick swaps in the LaMelo deal are basically worthless the 2029 pick is already tied up in the Gobert trade and only falls to Minnesota if it is top 5,analysis,specific pick breakdown with reasoning
Now that the final piece of Paul George Clippers trade draft capital has been utilized here is everything the deal has become. SGA Jalen Williams Thomas Sorber Aday Mara and Brooks Barnhizer,analysis,detailed structured breakdown
Rival front offices believed Charlotte new leadership was opting for a pivot. Whispers of the Hornets being weary of the combination of Ball financials and his availability grew in volume,analysis,sourced reporting with financial reasoning
Celtic Bros what do you say to a clean Jamal Murray/Jaylen Brown Swap Jamal/White would be a pretty Goated starting backcourt,hot_take,bold trade proposal no evidence
Rewatching Game 7 of the 2016 Finals is crazy. There is no flailing head snapping falling down. They are playing actual basketball. Silver really has ruined this great game,hot_take,strong opinion no evidence
Victor Wembanyama overcome with emotion as Spurs eliminate Thunder to advance to the Finals,reaction,emotional highlight moment
Knicks fan dumped trash from a public garbage can painted in team colors onto the sidewalk and stole the trash can,reaction,funny/outrageous fan moment
The Boston Celtics have decided that Jaylen Brown probably needs to be traded for them to be competitive,hot_take,bold claim reporter opinion
LaMelo Ball is the perfect complement to Edwards a superb passer and dynamic shooter who will open the floor,analysis,structured reasoning about fit
The Blazers have four future unprotected first-round picks to trade plus three unprotected first-round swaps. They should trade for KD. Solves the shooting issue good defender can play small ball 5,hot_take,bold trade proposal minimal evidence
Jalen Brunson Tonight: 45 PTs Rest of Team: 49 PTs,reaction,stat highlight emotional
OG Anunoby is absolutely fried in an interview,reaction,funny moment
Karl Anthony Towns to Jalen Brunson: I want to make sure I amplify you to a whole other level that you haven't even recognized for yourself,reaction,emotional/heartwarming moment
After Being Selected at 11 By the Warriors Yaxel Lendeborg Broke Down in Tears Hugging His Mom Who Is Battling Stage 4 Appendix Cancer. This moment is for her,reaction,emotional draft moment
Attempt at a Comprehensive GOAT Ranking using Championship Value MVP Vote Share Prime Value Defensive Value and Non-title Playoff Value formula,analysis,extremely detailed formula with full data tables
Valanciunas on Jokic: He is at the facility early in the morning getting shots up. After every game we hit the weight room. Every single game. His work ethic is something else,analysis,specific firsthand evidence supporting claim
Does anyone have the full details of the LaMelo trade? I am not sure the pick swaps would even be of any value since the latest swaps are when ANT and LaMelo are going into their early 30s,analysis,reasoning through pick swap value
Cameron Carr says I am being traded I am being traded as he walks up to the podium to greet Adam Silver after being drafted,reaction,funny/surprising moment
NYC Mayor Mamdani passionate speech about the Knicks journey to the championship,reaction,emotional celebratory moment
Jaylen Brown: ESPN is unethical and Stephen A. Smith is the head face of that. Our team was basically salary dumped. We lost a lot of players,hot_take,strong opinion accusatory no evidence
The Kings have completed the Pokemon evolution PG arc by drafting Darius Acuff Jr. Darren then De'Aaron then Darius,reaction,fun observation about draft
Imagine every woman you date. When you are done dating her the next dude she dates she marries. That is the Minnesota Timberwolves,hot_take,bold funny take no evidence
Knicks complete 29-point comeback the largest in NBA Finals history,reaction,immediate highlight reaction
Memphis Grizzlies have to attach draft picks in a Ja Morant trade. Teams were asking Memphis to attach picks not the other way around,analysis,specific sourced claim with salary details
Timberwolves New Core starting lineup LaMelo/Ant/Ayo/Jaden/Gobert. I do not think this will make them a top contender in the West. Spurs and Thunder are still better,analysis,structured lineup breakdown with reasoning
Darryn Peterson: Kobe is my guy. I try to think what would Kobe do right now? I see a guy that went No. 1 and I am extra motivated,reaction,emotional draft night quote
Post Game Thread: Knicks become 2026 NBA Champions defeating Spurs 94-90 Jalen Brunson 45 points,reaction,game result post
Ayo Dosunmu intends to sign five-year $112 million contract to return to Timberwolves,reaction,breaking news
Giannis Antetokounmpo leaves Milwaukee as the Bucks all-time leader in points rebounds assists and blocks. He and Kevin Garnett are the only players in NBA history to lead a franchise in all four categories,analysis,specific stats comparing franchise leaders
Trae Young sends the series to Game 6 with a long three against the Boston Celtics,reaction,highlight moment
Knicks defeat Spurs 105-104 in Game 2 KAT 21 points and 13 rebounds,reaction,post game thread
Heat next move: clear Jovic at $14-16M bring Powell back bring Wiggins back use mid level for Tim Hardaway Jr. The Heat are not done,analysis,specific cap reasoning with player names and salaries
OG Anunoby is helping NYC shelter cats find their forever homes selected five cats called OG Starting Five for adoption,reaction,feel good human interest moment
Jalen Brunson won 7 trophies this year: NBA Cup NBA Cup MVP ECF ECF MVP Championship Finals MVP,reaction,celebratory list impressed tone
Cameron Boozer meets his new Memphis Grizzlies teammate Cedric Coward: It was meant to be bro,reaction,feel good draft moment
Jose Alvarado on Wembanyama not shaking hands: I got mixed emotions the way he did it was a little too crazy for me because I loved how he competed,hot_take,opinion on sportsmanship no evidence
Micah Nori signed a one-year deal with team options. When has there ever been a new head coach contract like this? I have never seen a new coach get simply a 1 year guarantee,hot_take,rhetorical opinion no evidence
After over 100000 votes r/NBA top 100 players: Jokic Brunson SGA Giannis Wemby Luka Ant KAT Steph Tatum in top 10,analysis,community ranking with full ordered list
Does this year's NBA draft have the least highly touted international prospects in recent memory? Top 12 projected picks all played NCAA basketball,analysis,specific observation backed by draft board data
Warriors discussed swapping No. 11 for Nos. 14 and 18 with Charlotte contingent on certain players being on the board,analysis,specific trade logic with pick numbers
If Lillard was with LeBron instead of Kyrie would they have seen similar success? Both are 3-level scorers Dame better from 3 Kyrie better handles,hot_take,speculative comparison minimal evidence
Windhorst: Giannis has been traded. Who would be the next NBA star to watch? The answer would be Anthony Edwards. They are not adding to the team,hot_take,bold prediction assertion without evidence
Kuzma: Since when is a 6'9 wing who guards 1-5 shot almost 50% from the field a throw-in?,hot_take,player defending himself with selective stats
After tonight's draft Heat will own first-round pick in 3 of next 4 drafts. Starting 2030 Miami will not control 3 of 4 drafts,analysis,detailed pick-by-pick breakdown with years and conditions
The Miami Heat do not expect to retain All-Star guard Norman Powell,reaction,breaking news
Kings expected to waive DeMar DeRozan Clippers frontrunner to sign him,reaction,breaking news
Congratulations Jeremy Sochan 2026 NBA Champion! He played for Spurs was waived then signed with the Knicks after the All-Star break,reaction,celebratory moment
The 2018 draft is the 6th class in history to produce multiple Finals MVPs. SGA and Brunson like the 1984 class with Hakeem and MJ,analysis,historical comparison with specific data across multiple draft classes
Antetokounmpo had doubt about Miami roster being too decimated. Bucks pushed for Jakucionis over Mitchell because of contract length,analysis,sourced reporting with specific contract reasoning
De'Aaron Fox scores 7 points on 3/15 shooting in Finals Game 5. He is due $229 million over the next 4 years,reaction,critical/shocked reaction to bad performance
Wolves beat writer: Ant still very much loves it in Minnesota. His people think it is a great situation. Do not smash the panic button,hot_take,reporter opinion pushing back on trade rumors
Knicks: 44 days since their last loss 13 straight wins 2nd-longest streak in NBA playoff history,reaction,impressive stat moment celebratory
Windhorst on Trae Young 4-year $212M contract: Instantaneously one of the worst contracts in the league. I do not think they could trade it unless they attach the number one pick,hot_take,bold strong opinion limited evidence
Madison Square Garden compiled a dossier on activists who opposed facial recognition technology,reaction,surprising/outrageous news moment
Can we ban AI generated content from this sub? The slop detracts from the purpose of the sub,hot_take,strong opinion no evidence
What makes THT so elite? Film breakdown on Talen Horton-Tucker of the Los Angeles Lakers,analysis,film breakdown post
Hugo Gonzalez defensive highlights. The 19-year-old ended season 3rd among rookies in plus-minus at +246 despite only 14 minutes per game,analysis,specific stats supporting claim
10 years ago today with Warriors leading Finals 3-1 Klay Thompson suggests LeBron just got his feelings hurt,hot_take,bold dismissive take no evidence
Would support banning AI with images and videos just do not want the your typing sounds like AI thing with comments,hot_take,opinion on moderation policy
Reddit is legitimately mostly bots nowadays easily over 75% of accounts are bots. If you were on this site 10-15 years ago it was completely different,hot_take,bold claim stated as fact no evidence
It is not just a moderation issue it is a community perception issue. Being strict enough to discourage obvious low-effort AI posting while not turning every comment section into a forensic investigation,analysis,structured argument with two-sided reasoning
There are a lot of bots in the daily discussion threads promoting things like free websites to track random NBA things,reaction,observational complaint
My writing style does not sound like AI but every now and then I type a long post about sports history and baseless AI accusations follow,reaction,personal frustration
r/nba has banned over 250 bots in the last week,analysis,specific factual data point from mod
Blanket bans just lead to inconsistent enforcement I am fine with the current situation where human discretion removes most of the obvious stuff,hot_take,opinion with minimal reasoning
Ignorant people realized they could claim the moral high ground by saying AI Slop instead of tldr appearing good while perpetuating ignorance,hot_take,strong opinion no evidence
I had my writing accused of being AI at work because I know how to use a semicolon. I was an English tutor in college,reaction,personal frustrated reaction
You are asking the same mods that shut down the sub during the Finals but secretly kept private game threads up for themselves,hot_take,accusatory claim no evidence
If it is already being deleted what exactly is your problem? This just feels like karma farming,hot_take,dismissive opinion
Felt like Castle fouls this game were warranted despite the controversial calls tonight,hot_take,opinion on refereeing
He did a lot of stupid shit,reaction,blunt immediate reaction
If you gonna call that call Shai push offs and OKC moving screens,hot_take,ref complaint no evidence
Castle has had a bunch of really stupid fouls in game three and this game,reaction,immediate game reaction
He kept committing momentum stopping fouls thinking the refs would magically stop calling them,hot_take,opinion on Castle decision-making
It is playoff basketball let them both play. I want playoff basketball less FTs and more physicality,hot_take,bold opinion on how game should be played
For the last two series the Spurs have said a lot of things and let them play ain't one of them. This soft ass reffing is the natural outcome of the Spurs spending the last 3 weeks complaining,hot_take,pointed opinion with reasoning
does he know we can see him?,reaction,funny disbelief reaction
Dude is using 2 hands every defensive possession like we cannot see him. He has been in foul trouble every damn series,reaction,immediate outraged reaction
The lack of self awareness is honestly batshit crazy lmfao Castle is one of the most physical defenders in the league,reaction,shocked funny reaction
Twitter guys who did not watch the game are gonna eat this shit up,hot_take,dismissive opinion
Bro says this tonight after having some of the dumbest fouls I have seen,reaction,immediate disbelief
Players cannot fall for the narratives. This dude plays the most physical defense on the court against SGA and has gotten away with it for 4 games straight,analysis,structured argument with game-by-game reasoning
Nobody in this series has gotten away with more than Castle,hot_take,bold claim no evidence
Anyone but Castle can say this lol. The refs let him do basically whatever he wanted in game 4,reaction,immediate funny reaction
Literal football player talking,reaction,short funny reaction
If Castle was not on the Spurs people would actually hate him like people hate Dort. Dude was assaulting Ant in the Timberwolves series,hot_take,bold comparison claim
I have been saying Castle is Dort without the online hate but it will come,hot_take,bold prediction
Classic trying to pander to social media so they can get more calls next game. Edit: it worked lmaoo like clockwork,hot_take,bold claim about player strategy
Castle saying this out of all their players is pretty hilarious,reaction,amused disbelief
I think Castle plays as physical as any player on the Thunder. This is an extremely lame response to losing a pivotal game 5,hot_take,strong opinion
He knows what he is doing teams always say stuff like this about the refs to try and get more favorable calls next game,analysis,reasoning about player/team strategy
Is this fool serious? You have literally been hacking SGA the entire series!,reaction,outraged reaction
He is absolutely right. OKC wing depth is the primary reason they can play aggressively. Spurs do not have a Cason Wallace or Alex Caruso waiting on the bench,analysis,structured reasoning about roster depth
Is this dude kidding? He and Fox are straight up mugging SGA all game every game in this series,reaction,incredulous reaction
They did not get to be super physical in game 4 he shoved Wiggins straight down. This is absolute baby mentality,reaction,outraged game reaction
Spurs have a +11 free throw advantage in the series. Game 1: Spurs +10. Game 2: OKC +7. Game 3: even. Game 4: Spurs +14. Game 5: OKC +6,analysis,game-by-game free throw data
Hart has 18 fouls in 108 game minutes. Castle has 21 in 185 game minutes. They have been VERY lenient on Castle,analysis,specific foul rate comparison
Series is over. When your players start talking like this it is a sign they are already mentally whooped,hot_take,bold prediction
Castle is insanely talented but has zero discipline on offense and defense when the momentum is against them,hot_take,player assessment opinion
Castle been mugging people all season lmao,reaction,short dismissive reaction
Shut up both sides are doing the same shit. Play basketball,reaction,frustrated reaction
Did the Thunder make excuses after a loss? No,hot_take,pointed comparison no evidence
LMFAOOOOOOOOO,reaction,pure reaction
Castle saying this is wild,reaction,amused reaction
There is no way he is saying that after what he got away with in Game 4,reaction,disbelief reaction
Every series they are allowed to be physical and we are not. Everyone talks about wanting playoff physicality until there is playoff physicality,hot_take,broader pattern observation
All we ask for is consistency and that is what the NBA refs absolutely FAIL to do,hot_take,strong opinion no evidence
Smart of Spurs to play up the OKC narrative to put pressure on refs. Some Spurs guys seem to be buying into the victim mentality,analysis,reasoning about psychological strategy
Second year player 21 years old and already blaming the refs. This ref discourse has gotten way out of control,hot_take,opinion with context
Spurs have more FTs than the Thunder in this series so far,analysis,specific factual counter-argument
Castle is one of the only people with absolutely zero right to complain about refs. Dude thinks he is a linebacker out there,reaction,funny/outraged reaction
No accountability that is a sign of a loser mentality,hot_take,bold character judgment
Loser mentality,reaction,blunt reaction
He could foul out in the first quarter under a more strict whistle,hot_take,bold claim
Bruh the complaining from him of all people is insufferable. Shut up and play better,reaction,frustrated reaction
Fan discourse has ruined the NBA you can tell when they are in too deep,hot_take,broad opinion about NBA culture
Castle is a black hole calling a pot black,reaction,witty reaction
New Jaylen Brown just dropped,reaction,funny comparison reaction
Brunson made 8 baskets from within 10 feet tonight which ties the most by any player against the Spurs in the playoffs. He was not blocked by Wemby a single time,analysis,specific stat with playoff context
KAT and Mitch nailed the screens on Wemby at some points,reaction,game observation
Anyone not giving KAT credit is insane. He was the best player for three quarters his defense was the best I have ever seen it,hot_take,bold claim about KAT
Fuck efficiency this man is born to play basketball,reaction,emotional fan reaction
Is this the best ever game of a guy who has more field goal attempts than points? He completely took over,hot_take,bold rhetorical claim
This happens every series. When there is a different defensive look he struggles and in the 4th he figures it out,analysis,pattern-based reasoning about Brunson
So many guys would play passive on a bad shooting night. He just has that extra clutch gene,hot_take,bold character claim
EVERYBODY IS BETTER THAN BRUNSON UNTIL IT IS TIME TO BE BETTER THAN BRUNSON,reaction,passionate fan reaction
Imagine if Brunson was with Luka in 2024. They still probably lose because that Celtics team was crazy stacked but they fare much better,analysis,counterfactual with reasoning
That 2024 Celtics team is honestly the strongest finals team post KD Warriors,hot_take,bold historical claim
31 shots is diabolical showed up when it mattered most though,reaction,immediate stat reaction
He is similar to Kobe in that regard. He was not the most efficient but he always delivered when they needed him most,hot_take,bold player comparison
Brunson shot poorly. Analytically the Spurs won,hot_take,provocative take
Mavs fans are the toughest people on earth,reaction,funny sympathetic comment
The Mavs really had this guy and Luka Doncic. What a screw up,reaction,disbelief reaction
Brunson most clutch player in the league,hot_take,bold claim no evidence
He is the best player in the league I do not give a fuck. Also his defense is so much better than everyone pretends,hot_take,bold claim
I know it is early but the Knicks are the only team that has not looked overmatched against the Spurs this postseason,analysis,series-level observation with context
Brunson offensive game reminds me of Jordan play within the scheme the first three quarters then take over the fourth,hot_take,bold player comparison
If the Knicks win the chip the teams cannot build around a small point guard narrative can die,hot_take,bold narrative claim
Not paying Brunson was almost as bad as the Luka trade if not worse. Two of the worst decisions of a GM in modern NBA history,hot_take,strong opinion on front office decisions
Brunson is a cheat code in the playoffs the Knicks are lucky to have him,reaction,enthusiastic fan reaction
He played the best bad game I have seen in a while. He was kinda bad out there but they do not win without him,hot_take,bold paradoxical take
Spurs got gassed at the end of the third quarter. If Fox is that hurt he hurts the team more than he helps,analysis,game observation with reasoning
Timofey Mozgov on the 2016 Cleveland Cavaliers reunion: No one wrote or called me. If I had been invited I would have gladly joined. I would have loved to be there too,reaction,sad/surprised reaction to being left out
Aww I am sad now,reaction,pure emotional reaction
How do you not invite the roster top to bottom? Messed up,hot_take,quick opinion no evidence
It was not actually a 2016 Cavs reunion it was a group of vets from that team who all stayed connected through group text and communicate regularly,analysis,reasoned explanation of what the event actually was
The group just happened to neatly align with who got rotation minutes in the 2016 playoffs. The invitees played a minimum of 237 minutes. Players not invited played 76 or fewer minutes,analysis,specific playoff minutes data supporting argument
All that talk about Kyrie not going and they did not even invite the whole team,reaction,outraged/ironic reaction
Pretty sure it was just whoever LeBron was friends with on that team. Like I doubt Jordan McRae was invited,hot_take,opinion with no evidence
Then it is not a 2016 Cavs reunion hosted by LeBron but LeBron hosted a party with his past Cavs friends,hot_take,semantic distinction opinion
I was at the parade and even then he was by himself on his own vehicle. I always thought it was strange with Mozgov. He is Russian so there is a language barrier,analysis,firsthand observation with reasoning
TT is objectively better than Mozgov. I like both though. Both fan favorites for life,hot_take,bold player comparison
LeBully,reaction,funny one-word reaction
LeBron playing favorites? Nahhhhh,reaction,sarcastic reaction
We still think about you Timofey,reaction,supportive emotional comment
I love inside jokes I would love to be part of one someday,reaction,funny/sad reaction
This is like some middle school mean girls shit,hot_take,dismissive comparison opinion
Mozgov was playing his ass off in that 2015 run. I always remember him spiking rebounds to the three point line,reaction,fan reminiscing
Just because you are teammates does not mean you are friends,hot_take,broad opinion about team dynamics
It is just like any job where you are buddies with some and coworkers with others,hot_take,opinion normalizing the situation
LeBron is one of the most ruthless capitalist athletes in the world basically a walking talking corporation,hot_take,bold character claim no evidence
MJ would have called Luc Longley,hot_take,bold MJ vs LeBron comparison
Do not call it a reunion if everyone is not invited. Let us not act like there have not been stories about Bron being petty passive aggressive and cliquey with teammates,hot_take,strong character opinion
How does this affect LeBron James legacy?,reaction,sarcastic/funny comment
Tough way to find out you are not in the group chat,reaction,funny relatable comment
This is the real reason Kyrie did not show up. Team Mozgov,reaction,funny conspiracy take
LeBron has always been a cliquey dickhead,hot_take,harsh character judgment no evidence
De'Aaron Fox will not be invited to the Spurs reunion either,hot_take,bold prediction based on current events
Bobby Marks says Jaylen Brown trade value is not seen that highly around the league. The analytics of Jaylen Brown is not good. I had an analytics guy tell me we view him as the seventh-best player on a team,hot_take,bold claim from reporter
7th best seems crazy lol,reaction,immediate disbelief
Fire that guy immediately,reaction,blunt reaction
We are 2 years removed from him being the 2nd option on a title winning team. 4 years removed from him being 2nd on a Finals team. Evaluating Brown as 7th best means that guy is scamming some team,analysis,timeline-based reasoning with context
If your model is telling you Jaylen Brown is a seventh-best player on a team your model is poorly built,hot_take,bold claim about analytics
He literally won FMVP two years ago. He is like the 10th best player in the world saying he should be a 7th man is asinine,hot_take,bold ranking claim
Jaylen Brown advanced stats are so bad. Last year he had 3.3 BPM 3.3 VORP 0.135 WS/48 and 22 PER. These were all the best he has ever set,analysis,specific multi-stat breakdown
Analytics can be nice but spreadsheet watchers have lost the plot on Brown,hot_take,opinion on analytics culture
Among star players his on/off profile is an anomaly. Cannot name another max guy whose team has consistently performed better when he is off the court,analysis,specific on/off reasoning
As a Knicks fan even I cannot find a way to hate on a Celtics player like this. Seventh best player on a team is absurd disrespect,reaction,surprised reaction from rival fan
Is there a single team in NBA history Jaylen Brown would be the 7th best player on?,reaction,rhetorical disbelief
Calling a 29 year old who averaged 29 points as first option on a 55 win team and won FMVP 2 years ago the 7th best player on a team is insanity,hot_take,strong opinion with context
Someone is lying to try to depress his value,hot_take,bold accusation
This sounds crazy. The guy averaged 30 this past year. At a certain point you have to look at real life stats and think maybe it is the model that needs adjusting,hot_take,opinion on analytics vs eye test
I hate Boston but to say Brown is the 7th best guy when he led this team to a 2 seed is insane,reaction,outraged reaction from rival fan
Bobby still butthurt over getting fired as a member of the Nets FO,hot_take,dismissive claim about source credibility
He would be probably around 7 on Team USA,reaction,funny/clever reaction
Show me that team where Jaylen is the 7th best player. That is an 82-0 team,hot_take,bold hyperbolic claim
Advanced stat wise Brown is almost identical to LaMelo. LaMelo went for a Naz Reid a first and some seconds. Brown has 17 million more on his contract and is 4 years older,analysis,detailed contract and stat comparison
EPM has him as a 93rd percentile player. Basically all top advanced metrics have him between 77th and 93rd percentile. That is top 50 player value,analysis,specific percentile data across multiple metrics
Boston Celtics Ron Harper Jr intends to sign a new three-year $9 million deal to return to the franchise. Harper has gone from a training camp deal to two-way contract to multiyear guarantee,reaction,breaking news feel good story
Game 7 starter Ron Harper Jr,reaction,funny celebratory callback
Baron Brad Stevens sweatshop of productive young players making pennies will continue until morale improves,hot_take,funny critical take on Celtics team building
The only reason the Jays contracts are still sustainable is that everyone else on the team is on a scam deal. Queta is legit on the min,analysis,reasoning about Celtics salary structure
With how good our player development has been this is a very good deal. If he becomes productive that contract becomes a steal and if he doesnt it does not make much difference,analysis,structured reasoning about contract value
They locked down a playoff starter for $3M per year. How do they keep getting away with this?,reaction,impressed/shocked reaction
He is good enough to be a starter for another team,hot_take,bold player assessment
Harper went from undrafted to G League to two-way to multiyear deal. What a story,reaction,feel good reaction
valid gotta make sure the players better than Jaylen Brown stay with the team,hot_take,sarcastic jab referencing Brown analytics drama
